{"cameraMode":{"drawMode":0,"name":"Shaded","section":"Shading Mode"},"sceneLighting":true,"audioPlay":false,"sceneViewState":{"m_AlwaysRefresh":false,"showFog":true,"showSkybox":true,"showFlares":true,"showImageEffects":true,"showParticleSystems":true,"showVisualEffectGraphs":true,"m_FxEnabled":true},"in2DMode":false,"pivot":{"x":4.663677215576172,"y":-1.5755140781402588,"z":1.974929690361023},"rotation":{"x":0.5526190400123596,"y":0.028740262612700464,"z":-0.01907292567193508,"w":0.8327203989028931},"size":7.759744644165039,"orthographic":false}