{"cameraMode":{"drawMode":0,"name":"Shaded","section":"Shading Mode"},"sceneLighting":true,"audioPlay":false,"sceneViewState":{"m_AlwaysRefresh":false,"showFog":true,"showSkybox":true,"showFlares":true,"showImageEffects":true,"showParticleSystems":true,"showVisualEffectGraphs":true,"m_FxEnabled":true},"in2DMode":false,"pivot":{"x":5.512929439544678,"y":-1.3884623050689698,"z":-3.1980209350585939},"rotation":{"x":0.5526190400123596,"y":0.028740262612700464,"z":-0.01907292567193508,"w":0.8327203989028931},"size":19.175376892089845,"orthographic":false}